{
  "config": {
    "dataset_root": "/home/work/datasets/bg/ORAD-3D",
    "split": "testing",
    "manifest_root": "/home/work/byounggun/LlamaFactory/orad3d_all_models",
    "clearance_thresholds": [
      0.0,
      0.5,
      1.0
    ],
    "z_max_dist": 20.0,
    "z_sample_step": 0.5,
    "z_center": false,
    "z_score_beta1": 0.7,
    "z_score_beta2": 0.3,
    "z_score_gamma": 1.0,
    "grid_origin": [
      -25.0,
      5.7,
      -3.0
    ],
    "grid_res": [
      0.5
    ],
    "grid_axis": "auto",
    "topdown_axes": "xy",
    "violation_label_ids": [
      2,
      3,
      4,
      5,
      7
    ],
    "soft_mode": "exp",
    "soft_tau": 0.05,
    "soft_alpha": 6.0,
    "score_weights": [
      0.6,
      0.3,
      0.1
    ],
    "score_eps": 1e-06
  },
  "models": {
    "qwen3-vl-8b-instruct": {
      "total_samples": 7118,
      "occ_samples": 6043,
      "occ_missing": 1075,
      "invalid_path": 1762,
      "hitfree": {
        "0.0": {
          "hits": 461,
          "total": 6043,
          "rate": 0.07628661260963097
        },
        "0.5": {
          "hits": 461,
          "total": 6043,
          "rate": 0.07628661260963097
        },
        "1.0": {
          "hits": 458,
          "total": 6043,
          "rate": 0.07579017044514313
        }
      },
      "reachable": {
        "0.0": {
          "mean": 2.3351303675347124,
          "count": 6043
        },
        "0.5": {
          "mean": 2.3351303675347124,
          "count": 6043
        },
        "1.0": {
          "mean": 2.313452103270929,
          "count": 6043
        }
      },
      "safe_len": {
        "0.0": {
          "mean": 12.889006218649033,
          "count": 6043
        },
        "0.5": {
          "mean": 12.889006218649033,
          "count": 6043
        },
        "1.0": {
          "mean": 12.64570948447531,
          "count": 6043
        }
      },
      "bad_ratio_len": {
        "0.0": {
          "mean": 0.5424937888030199,
          "count": 6043
        },
        "0.5": {
          "mean": 0.5424937888030199,
          "count": 6043
        },
        "1.0": {
          "mean": 0.5506591411785847,
          "count": 6043
        }
      },
      "softfree": {
        "0.0": {
          "mean": 0.1549709190296429,
          "count": 6043
        },
        "0.5": {
          "mean": 0.1549709190296429,
          "count": 6043
        },
        "1.0": {
          "mean": 0.1523784488884764,
          "count": 6043
        }
      },
      "extra_bonus": {
        "0.0": {
          "mean": 0.0019244477872255171,
          "count": 6043
        },
        "0.5": {
          "mean": 0.0019244477872255171,
          "count": 6043
        },
        "1.0": {
          "mean": 0.0018976567741822994,
          "count": 6043
        }
      },
      "occ_score": {
        "0.0": {
          "mean": 0.19901320289765226,
          "count": 6043
        },
        "0.5": {
          "mean": 0.19901320289765226,
          "count": 6043
        },
        "1.0": {
          "mean": 0.19442942606239463,
          "count": 6043
        }
      },
      "gt_len_mean": 61.812773227580266,
      "min_clearance_mean": 18.50216819316029,
      "z_metrics": {
        "count": 5079,
        "z_mse_mean": 0.0893843678279335,
        "z_rmse_mean": 0.18355058072443547,
        "dz_mse_mean": 0.0016894784099649599,
        "dz_corr_mean": -0.014416145852204031,
        "z_score_mean": 0.7282550830770332
      }
    },
    "qwen3-vl-32b-instruct": {
      "total_samples": 7118,
      "occ_samples": 6043,
      "occ_missing": 1075,
      "invalid_path": 30,
      "hitfree": {
        "0.0": {
          "hits": 22,
          "total": 6043,
          "rate": 0.0036405758729108058
        },
        "0.5": {
          "hits": 22,
          "total": 6043,
          "rate": 0.0036405758729108058
        },
        "1.0": {
          "hits": 21,
          "total": 6043,
          "rate": 0.0034750951514148603
        }
      },
      "reachable": {
        "0.0": {
          "mean": 0.42966251572137554,
          "count": 6043
        },
        "0.5": {
          "mean": 0.42966251572137554,
          "count": 6043
        },
        "1.0": {
          "mean": 0.4163578237975135,
          "count": 6043
        }
      },
      "safe_len": {
        "0.0": {
          "mean": 26.134167669625466,
          "count": 6043
        },
        "0.5": {
          "mean": 26.134167669625466,
          "count": 6043
        },
        "1.0": {
          "mean": 25.378405023840273,
          "count": 6043
        }
      },
      "bad_ratio_len": {
        "0.0": {
          "mean": 0.48926382707229443,
          "count": 6043
        },
        "0.5": {
          "mean": 0.48926382707229443,
          "count": 6043
        },
        "1.0": {
          "mean": 0.5065550305233815,
          "count": 6043
        }
      },
      "softfree": {
        "0.0": {
          "mean": 0.0906627196113061,
          "count": 6043
        },
        "0.5": {
          "mean": 0.0906627196113061,
          "count": 6043
        },
        "1.0": {
          "mean": 0.08642523391236298,
          "count": 6043
        }
      },
      "extra_bonus": {
        "0.0": {
          "mean": 0.0075658994413922605,
          "count": 6043
        },
        "0.5": {
          "mean": 0.0075658994413922605,
          "count": 6043
        },
        "1.0": {
          "mean": 0.007501842109502324,
          "count": 6043
        }
      },
      "occ_score": {
        "0.0": {
          "mean": 0.3519290671609827,
          "count": 6043
        },
        "0.5": {
          "mean": 0.3519290671609827,
          "count": 6043
        },
        "1.0": {
          "mean": 0.34005526243395995,
          "count": 6043
        }
      },
      "gt_len_mean": 59.80709618981262,
      "min_clearance_mean": 16.612781780737418,
      "z_metrics": {
        "count": 7077,
        "z_mse_mean": 0.0767301764089492,
        "z_rmse_mean": 0.17847580376526717,
        "dz_mse_mean": 0.0013443664375381058,
        "dz_corr_mean": -0.010884954691136319,
        "z_score_mean": 0.7236876415041275
      }
    },
    "gpt-4o": {
      "total_samples": 7118,
      "occ_samples": 6043,
      "occ_missing": 1075,
      "invalid_path": 0,
      "hitfree": {
        "0.0": {
          "hits": 51,
          "total": 6043,
          "rate": 0.008439516796293232
        },
        "0.5": {
          "hits": 51,
          "total": 6043,
          "rate": 0.008439516796293232
        },
        "1.0": {
          "hits": 50,
          "total": 6043,
          "rate": 0.008274036074797287
        }
      },
      "reachable": {
        "0.0": {
          "mean": 0.4998960098880185,
          "count": 6043
        },
        "0.5": {
          "mean": 0.4998960098880185,
          "count": 6043
        },
        "1.0": {
          "mean": 0.4942034139511661,
          "count": 6043
        }
      },
      "safe_len": {
        "0.0": {
          "mean": 22.131330752163638,
          "count": 6043
        },
        "0.5": {
          "mean": 22.131330752163638,
          "count": 6043
        },
        "1.0": {
          "mean": 21.4805502489113,
          "count": 6043
        }
      },
      "bad_ratio_len": {
        "0.0": {
          "mean": 0.44993848157609007,
          "count": 6043
        },
        "0.5": {
          "mean": 0.44993848157609007,
          "count": 6043
        },
        "1.0": {
          "mean": 0.4677128608950341,
          "count": 6043
        }
      },
      "softfree": {
        "0.0": {
          "mean": 0.12293412115149989,
          "count": 6043
        },
        "0.5": {
          "mean": 0.12293412115149989,
          "count": 6043
        },
        "1.0": {
          "mean": 0.11774239972760624,
          "count": 6043
        }
      },
      "extra_bonus": {
        "0.0": {
          "mean": 0.0,
          "count": 6043
        },